{"cameraMode":{"drawMode":0,"name":"Shaded","section":"Shading Mode"},"sceneLighting":true,"audioPlay":false,"sceneViewState":{"showFog":true,"showMaterialUpdate":false,"showSkybox":true,"showFlares":true,"showImageEffects":true,"showParticleSystems":true},"in2DMode":false,"pivot":{"x":-27.17205238342285,"y":-27.836700439453126,"z":223.17437744140626},"rotation":{"x":-0.21561293303966523,"y":0.06497595459222794,"z":-0.014380557462573052,"w":-0.9742106199264526},"size":261.21337890625,"orthographic":false}